{
    "metrics": {
        "http_req_duration{expected_response:true}": {
            "p(95)": 202.46764609999997,
            "avg": 58.93834447142855,
            "min": 8.83225,
            "med": 26.3797085,
            "max": 522.065208
        },
        "http_req_failed": {
            "passes": 14,
            "fails": 70,
            "thresholds": {
                "rate<0.01": true
            },
            "value": 0.16666666666666666
        },
        "http_req_connecting": {
            "avg": 0.3046755952380953,
            "min": 0,
            "med": 0,
            "max": 3.044208,
            "p(95)": 1.932868799999999
        },
        "search_error_rate": {
            "passes": 17,
            "fails": 0,
            "thresholds": {
                "rate<0.01": true
            },
            "value": 1
        },
        "http_req_blocked": {
            "avg": 0.534675523809524,
            "min": 0.003,
            "med": 0.0100415,
            "max": 6.600833,
            "p(95)": 3.2884955499999973
        },
        "vus": {
            "value": 1,
            "min": 1,
            "max": 1
        },
        "checks": {
            "passes": 235,
            "fails": 31,
            "value": 0.8834586466165414
        },
        "data_sent": {
            "rate": 445.8974767536812,
            "count": 13398
        },
        "iteration_duration": {
            "avg": 2145.392218,
            "min": 1418.146375,
            "med": 2027.448334,
            "max": 3583.739,
            "p(95)": 3359.1827694
        },
        "http_req_sending": {
            "min": 0.009333,
            "med": 0.027292,
            "max": 1.223125,
            "p(95)": 0.6008160999999995,
            "avg": 0.11012651190476186
        },
        "http_req_duration": {
            "avg": 54.21717199999998,
            "min": 3.366625,
            "med": 24.020854,
            "max": 522.065208,
            "p(95)": 204.99727069999997,
            "thresholds": {
                "p(95)<500": false
            }
        },
        "data_received": {
            "count": 318428,
            "rate": 10597.569915488968
        },
        "http_req_waiting": {
            "avg": 52.65103505952379,
            "min": 2.561917,
            "med": 23.1418125,
            "max": 521.178833,
            "p(95)": 200.27300269999995
        },
        "http_req_receiving": {
            "avg": 1.4560104285714288,
            "min": 0.1015,
            "med": 0.6790205,
            "max": 17.244625,
            "p(95)": 4.9364956499999995
        },
        "vus_max": {
            "value": 1,
            "min": 1,
            "max": 1
        },
        "http_reqs": {
            "count": 84,
            "rate": 2.795595465540321
        },
        "search_response_time": {
            "p(95)": 1084.8499999999997,
            "avg": 334.42857142857144,
            "min": 100,
            "med": 148,
            "max": 1378
        },
        "active_search_users": {
            "value": 1,
            "min": 1,
            "max": 1
        },
        "iterations": {
            "count": 14,
            "rate": 0.46593257759005346
        },
        "http_req_tls_handshaking": {
            "avg": 0,
            "min": 0,
            "med": 0,
            "max": 0,
            "p(95)": 0
        },
        "search_request_count": {
            "count": 14,
            "rate": 0.46593257759005346
        }
    },
    "root_group": {
        "path": "",
        "id": "d41d8cd98f00b204e9800998ecf8427e",
        "groups": {},
        "checks": {
                "Unified search status is 200": {
                    "name": "Unified search status is 200",
                    "path": "::Unified search status is 200",
                    "id": "0ac50bb59342e0ea38ce0ffa12d536d2",
                    "passes": 14,
                    "fails": 0
                },
                "Unified search response time < 300ms": {
                    "name": "Unified search response time < 300ms",
                    "path": "::Unified search response time < 300ms",
                    "id": "4070db048b56db088bd28cc77d081cd8",
                    "passes": 12,
                    "fails": 2
                },
                "Unified search has valid response structure": {
                    "passes": 14,
                    "fails": 0,
                    "name": "Unified search has valid response structure",
                    "path": "::Unified search has valid response structure",
                    "id": "0d97cbbd90ea607e1825d47a6a6990ca"
                },
                "Unified search respects price filter": {
                    "name": "Unified search respects price filter",
                    "path": "::Unified search respects price filter",
                    "id": "0cadea0fbfae0656a93fd7e5a77101f5",
                    "passes": 14,
                    "fails": 0
                },
                "Admin search status is 200": {
                    "id": "d2494ac163effe0df7ad6200cabfed1d",
                    "passes": 14,
                    "fails": 0,
                    "name": "Admin search status is 200",
                    "path": "::Admin search status is 200"
                },
                "Admin search response time < 300ms": {
                    "passes": 14,
                    "fails": 0,
                    "name": "Admin search response time < 300ms",
                    "path": "::Admin search response time < 300ms",
                    "id": "4fcc2d6222df0870a1d7df3dc96b13c2"
                },
                "Admin search has valid response": {
                    "passes": 14,
                    "fails": 0,
                    "name": "Admin search has valid response",
                    "path": "::Admin search has valid response",
                    "id": "c64a927c7e27b78f9ffe25bca65e0a5b"
                },
                "User search status is 401 (unauthorized)": {
                    "path": "::User search status is 401 (unauthorized)",
                    "id": "ac418f61a12c86d0eb59523bc3851aea",
                    "passes": 0,
                    "fails": 14,
                    "name": "User search status is 401 (unauthorized)"
                },
                "User search response time < 300ms": {
                    "name": "User search response time < 300ms",
                    "path": "::User search response time < 300ms",
                    "id": "2bc803d1753f1064e38f38abd179fa35",
                    "passes": 14,
                    "fails": 0
                },
                "User search returns auth error": {
                    "name": "User search returns auth error",
                    "path": "::User search returns auth error",
                    "id": "620a0466f6f5fad97094dfeb0d2682d8",
                    "passes": 0,
                    "fails": 14
                },
                "Complex filter search status is 200": {
                    "fails": 0,
                    "name": "Complex filter search status is 200",
                    "path": "::Complex filter search status is 200",
                    "id": "79267022ef0a89101a445d134d003002",
                    "passes": 14
                },
                "Complex filter search response time < 400ms": {
                    "name": "Complex filter search response time < 400ms",
                    "path": "::Complex filter search response time < 400ms",
                    "id": "37eb2a3aad9d68bbd67d94470e9c007d",
                    "passes": 14,
                    "fails": 0
                },
                "Complex filter search has results": {
                    "name": "Complex filter search has results",
                    "path": "::Complex filter search has results",
                    "id": "88a4f4c68c1a080075d50199e3df0970",
                    "passes": 14,
                    "fails": 0
                },