{
    "metrics": {
        "http_req_sending": {
            "avg": 0.04530637647058824,
            "min": 0.009,
            "med": 0.01975,
            "max": 0.577042,
            "p(95)": 0.13993339999999996
        },
        "search_request_count": {
            "count": 14,
            "rate": 0.45264649228794646
        },
        "data_sent": {
            "count": 18337,
            "rate": 592.869909220291
        },
        "active_search_users": {
            "max": 1,
            "value": 1,
            "min": 1
        },
        "http_req_connecting": {
            "max": 2.004375,
            "p(95)": 0,
            "avg": 0.023580882352941177,
            "min": 0,
            "med": 0
        },
        "http_req_receiving": {
            "min": 0.11225,
            "med": 0.554292,
            "max": 11.433166,
            "p(95)": 3.347582799999999,
            "avg": 1.0453450705882354
        },
        "http_req_duration{expected_response:true}": {
            "med": 26.333834,
            "max": 630.3815,
            "p(95)": 167.67498339999992,
            "avg": 54.8514343647059,
            "min": 8.117875
        },
        "checks": {
            "passes": 264,
            "fails": 2,
            "value": 0.9924812030075187
        },
        "search_response_time": {
            "max": 1202,
            "p(95)": 888.6999999999997,
            "avg": 340.92857142857144,
            "min": 93,
            "med": 152.5
        },
        "vus": {
            "min": 1,
            "max": 1,
            "value": 1
        },
        "http_req_waiting": {
            "avg": 53.76078291764707,
            "min": 7.922375,
            "med": 24.484625,
            "max": 627.230625,
            "p(95)": 157.93862539999995
        },
        "http_req_blocked": {
            "p(95)": 0.025891399999999995,
            "avg": 0.15980098823529404,
            "min": 0.003333,
            "med": 0.006583,
            "max": 12.778292
        },
        "vus_max": {
            "value": 1,
            "min": 1,
            "max": 1
        },
        "data_received": {
            "rate": 9218.501466259399,
            "count": 285121
        },
        "search_error_rate": {
            "passes": 0,
            "fails": 84,
            "thresholds": {
                "rate<0.01": false
            },
            "value": 0
        },
        "http_reqs": {
            "rate": 2.748210846033961,
            "count": 85
        },
        "http_req_tls_handshaking": {
            "avg": 0,
            "min": 0,
            "med": 0,
            "max": 0,
            "p(95)": 0
        },
        "iterations": {
            "count": 14,
            "rate": 0.45264649228794646
        },
        "http_req_duration": {
            "max": 630.3815,
            "p(95)": 167.67498339999992,
            "avg": 54.8514343647059,
            "min": 8.117875,
            "med": 26.333834,
            "thresholds": {
                "p(95)<500": false
            }
        },
        "iteration_duration": {
            "max": 2869.412126,
            "p(95)": 2856.03490955,
            "avg": 2206.588277785714,
            "min": 1307.229584,
            "med": 2270.661564
        },
        "http_req_failed": {
            "passes": 0,
            "fails": 85,
            "thresholds": {
                "rate<0.01": false
            },
            "value": 0
        }
    },
    "root_group": {
        "name": "",
        "path": "",
        "id": "d41d8cd98f00b204e9800998ecf8427e",
        "groups": {},
        "checks": {
                "Unified search status is 200": {
                    "passes": 14,
                    "fails": 0,
                    "name": "Unified search status is 200",
                    "path": "::Unified search status is 200",
                    "id": "0ac50bb59342e0ea38ce0ffa12d536d2"
                },
                "Unified search response time < 300ms": {
                    "fails": 1,
                    "name": "Unified search response time < 300ms",
                    "path": "::Unified search response time < 300ms",
                    "id": "4070db048b56db088bd28cc77d081cd8",
                    "passes": 13
                },
                "Unified search has valid response structure": {
                    "path": "::Unified search has valid response structure",
                    "id": "0d97cbbd90ea607e1825d47a6a6990ca",
                    "passes": 14,
                    "fails": 0,
                    "name": "Unified search has valid response structure"
                },
                "Unified search respects price filter": {
                    "id": "0cadea0fbfae0656a93fd7e5a77101f5",
                    "passes": 14,
                    "fails": 0,
                    "name": "Unified search respects price filter",
                    "path": "::Unified search respects price filter"
                },
                "Admin search status is 200": {
                    "fails": 0,
                    "name": "Admin search status is 200",
                    "path": "::Admin search status is 200",
                    "id": "d2494ac163effe0df7ad6200cabfed1d",
                    "passes": 14
                },
                "Admin search response time < 300ms": {
                    "name": "Admin search response time < 300ms",
                    "path": "::Admin search response time < 300ms",
                    "id": "4fcc2d6222df0870a1d7df3dc96b13c2",
                    "passes": 13,
                    "fails": 1
                },
                "Admin search has valid response": {
                    "name": "Admin search has valid response",
                    "path": "::Admin search has valid response",
                    "id": "c64a927c7e27b78f9ffe25bca65e0a5b",
                    "passes": 14,
                    "fails": 0
                },
                "User search status is 200": {
                    "passes": 14,
                    "fails": 0,
                    "name": "User search status is 200",
                    "path": "::User search status is 200",
                    "id": "97c37d747094a80cab4d48adf5660eb1"
                },
                "User search response time < 300ms": {
                    "passes": 14,
                    "fails": 0,
                    "name": "User search response time < 300ms",
                    "path": "::User search response time < 300ms",
                    "id": "2bc803d1753f1064e38f38abd179fa35"
                },
                "User search has valid response": {
                    "name": "User search has valid response",
                    "path": "::User search has valid response",
                    "id": "29c78278234f5417e7281fdc517154c7",
                    "passes": 14,
                    "fails": 0
                },
                "Complex filter search status is 200": {
                    "passes": 14,
                    "fails": 0,
                    "name": "Complex filter search status is 200",
                    "path": "::Complex filter search status is 200",
                    "id": "79267022ef0a89101a445d134d003002"
                },
                "Complex filter search response time < 400ms": {
                    "id": "37eb2a3aad9d68bbd67d94470e9c007d",
                    "passes": 14,
                    "fails": 0,
                    "name": "Complex filter search response time < 400ms",
                    "path": "::Complex filter search response time < 400ms"
                },
                "Complex filter search has results": {
                    "name": "Complex filter search has results",
                    "path": "::Complex filter search has results",
                    "id": "88a4f4c68c1a080075d50199e3df0970",
                    "passes": 14,
                    "fails": 0
                },