{
    "metrics": {
        "http_req_tls_handshaking": {
            "avg": 0,
            "min": 0,
            "med": 0,
            "max": 0,
            "p(95)": 0
        },
        "http_req_receiving": {
            "max": 19.602084,
            "p(95)": 3.9905289499999945,
            "avg": 1.3148541714285715,
            "min": 0.105584,
            "med": 0.6895005000000001
        },
        "data_sent": {
            "count": 11741,
            "rate": 385.1765536542742
        },
        "http_req_blocked": {
            "avg": 0.6505082857142859,
            "min": 0.004125,
            "med": 0.013125,
            "max": 8.342208,
            "p(95)": 3.4577585499999994
        },
        "http_reqs": {
            "count": 70,
            "rate": 2.29642779625238
        },
        "vus_max": {
            "value": 1,
            "min": 1,
            "max": 1
        },
        "iteration_duration": {
            "min": 1483.091043,
            "med": 2931.7171049999997,
            "max": 5268.363044,
            "p(95)": 4440.655187149999,
            "avg": 3047.6397347
        },
        "http_req_failed": {
            "passes": 20,
            "fails": 50,
            "thresholds": {
                "rate<0.01": true
            },
            "value": 0.2857142857142857
        },
        "search_response_time": {
            "avg": 688,
            "min": 117,
            "med": 338,
            "max": 3336,
            "p(95)": 2372.5499999999993
        },
        "search_error_rate": {
            "passes": 12,
            "fails": 0,
            "thresholds": {
                "rate<0.01": true
            },
            "value": 1
        },
        "data_received": {
            "count": 229905,
            "rate": 7542.289035677191
        },
        "iterations": {
            "rate": 0.32806111375034,
            "count": 10
        },
        "checks": {
            "passes": 168,
            "fails": 22,
            "value": 0.8842105263157894
        },
        "http_req_sending": {
            "avg": 0.19609764285714285,
            "min": 0.012417,
            "med": 0.0362085,
            "max": 3.064709,
            "p(95)": 0.7428829999999986
        },
        "http_req_connecting": {
            "avg": 0.44023987142857146,
            "min": 0,
            "med": 0,
            "max": 8.261417,
            "p(95)": 2.5470143999999997
        },
        "active_search_users": {
            "value": 1,
            "min": 1,
            "max": 1
        },
        "http_req_waiting": {
            "max": 1730.724209,
            "p(95)": 279.64992499999994,
            "avg": 94.61072619999997,
            "min": 3.508834,
            "med": 32.663792
        },
        "search_request_count": {
            "count": 10,
            "rate": 0.32806111375034
        },
        "http_req_duration{expected_response:true}": {
            "p(95)": 246.8294402499999,
            "avg": 78.97881338,
            "min": 13.779291,
            "med": 36.112978999999996,
            "max": 1109.191417
        },
        "vus": {
            "value": 1,
            "min": 1,
            "max": 1
        },
        "http_req_duration": {
            "avg": 96.12167801428575,
            "min": 4.583708,
            "med": 33.639917,
            "max": 1751.264251,
            "p(95)": 281.51508154999993,
            "thresholds": {
                "p(95)<500": false
            }
        }
    },
    "root_group": {
        "path": "",
        "id": "d41d8cd98f00b204e9800998ecf8427e",
        "groups": {},
        "checks": {
                "Unified search status is 200": {
                    "name": "Unified search status is 200",
                    "path": "::Unified search status is 200",
                    "id": "0ac50bb59342e0ea38ce0ffa12d536d2",
                    "passes": 10,
                    "fails": 0
                },
                "Unified search response time < 300ms": {
                    "name": "Unified search response time < 300ms",
                    "path": "::Unified search response time < 300ms",
                    "id": "4070db048b56db088bd28cc77d081cd8",
                    "passes": 8,
                    "fails": 2
                },
                "Unified search has valid response structure": {
                    "fails": 0,
                    "name": "Unified search has valid response structure",
                    "path": "::Unified search has valid response structure",
                    "id": "0d97cbbd90ea607e1825d47a6a6990ca",
                    "passes": 10
                },
                "Unified search respects price filter": {
                    "fails": 0,
                    "name": "Unified search respects price filter",
                    "path": "::Unified search respects price filter",
                    "id": "0cadea0fbfae0656a93fd7e5a77101f5",
                    "passes": 10
                },
                "Admin search status is 200": {
                    "name": "Admin search status is 200",
                    "path": "::Admin search status is 200",
                    "id": "d2494ac163effe0df7ad6200cabfed1d",
                    "passes": 10,
                    "fails": 0
                },
                "Admin search response time < 300ms": {
                    "name": "Admin search response time < 300ms",
                    "path": "::Admin search response time < 300ms",
                    "id": "4fcc2d6222df0870a1d7df3dc96b13c2",
                    "passes": 10,
                    "fails": 0
                },
                "Admin search has valid response": {
                    "path": "::Admin search has valid response",
                    "id": "c64a927c7e27b78f9ffe25bca65e0a5b",
                    "passes": 10,
                    "fails": 0,
                    "name": "Admin search has valid response"
                },
                "User search status is 200": {
                    "name": "User search status is 200",
                    "path": "::User search status is 200",
                    "id": "97c37d747094a80cab4d48adf5660eb1",
                    "passes": 0,
                    "fails": 10
                },
                "User search response time < 300ms": {
                    "name": "User search response time < 300ms",
                    "path": "::User search response time < 300ms",
                    "id": "2bc803d1753f1064e38f38abd179fa35",
                    "passes": 10,
                    "fails": 0
                },
                "User search has valid response": {
                    "name": "User search has valid response",
                    "path": "::User search has valid response",
                    "id": "29c78278234f5417e7281fdc517154c7",
                    "passes": 0,
                    "fails": 10
                },
                "Complex filter search status is 200": {
                    "passes": 10,
                    "fails": 0,
                    "name": "Complex filter search status is 200",
                    "path": "::Complex filter search status is 200",
                    "id": "79267022ef0a89101a445d134d003002"
                },
                "Complex filter search response time < 400ms": {
                    "name": "Complex filter search response time < 400ms",
                    "path": "::Complex filter search response time < 400ms",
                    "id": "37eb2a3aad9d68bbd67d94470e9c007d",
                    "passes": 10,
                    "fails": 0
                },
                "Complex filter search has results": {
                    "name": "Complex filter search has results",
                    "path": "::Complex filter search has results",
                    "id": "88a4f4c68c1a080075d50199e3df0970",
                    "passes": 10,
                    "fails": 0
                },