{
    "metrics": {
        "http_req_connecting": {
            "med": 0,
            "max": 2.911375,
            "p(95)": 0,
            "avg": 0.04772745901639344,
            "min": 0
        },
        "search_response_time": {
            "med": 553.5,
            "max": 1653,
            "p(95)": 1630.5,
            "avg": 811.7,
            "min": 252
        },
        "data_received": {
            "rate": 6979.021353139295,
            "count": 211723
        },
        "http_req_blocked": {
            "med": 0.015167,
            "max": 22.658709,
            "p(95)": 0.250333,
            "avg": 0.42634842622950814,
            "min": 0.00425
        },
        "active_search_users": {
            "value": 1,
            "min": 1,
            "max": 1
        },
        "vus_max": {
            "value": 1,
            "min": 1,
            "max": 1
        },
        "http_req_receiving": {
            "max": 20.993167,
            "p(95)": 8.94625,
            "avg": 2.504967868852459,
            "min": 0.123542,
            "med": 1.072083
        },
        "data_sent": {
            "count": 13771,
            "rate": 453.93321960335544
        },
        "vus": {
            "value": 1,
            "min": 1,
            "max": 1
        },
        "http_req_tls_handshaking": {
            "avg": 0,
            "min": 0,
            "med": 0,
            "max": 0,
            "p(95)": 0
        },
        "iterations": {
            "rate": 0.32962981599256075,
            "count": 10
        },
        "http_req_duration": {
            "avg": 130.22564752459016,
            "min": 21.36775,
            "med": 68.782917,
            "max": 1246.873,
            "p(95)": 452.379125,
            "thresholds": {
                "p(95)<500": false
            }
        },
        "search_request_count": {
            "count": 10,
            "rate": 0.32962981599256075
        },
        "iteration_duration": {
            "avg": 3028.3908098,
            "min": 2093.186917,
            "med": 2948.9585429999997,
            "max": 4236.117044,
            "p(95)": 4118.6961248
        },
        "http_req_failed": {
            "passes": 0,
            "fails": 61,
            "thresholds": {
                "rate<0.01": false
            },
            "value": 0
        },
        "checks": {
            "passes": 185,
            "fails": 5,
            "value": 0.9736842105263158
        },
        "http_req_waiting": {
            "avg": 127.6057834918033,
            "min": 21.214458,
            "med": 68.034625,
            "max": 1224.639375,
            "p(95)": 433.036333
        },
        "http_req_duration{expected_response:true}": {
            "avg": 130.22564752459016,
            "min": 21.36775,
            "med": 68.782917,
            "max": 1246.873,
            "p(95)": 452.379125
        },
        "http_req_sending": {
            "p(95)": 0.535583,
            "avg": 0.1148961639344262,
            "min": 0.011875,
            "med": 0.02975,
            "max": 1.240458
        },
        "search_error_rate": {
            "passes": 0,
            "fails": 60,
            "thresholds": {
                "rate<0.01": false
            },
            "value": 0
        },
        "http_reqs": {
            "count": 61,
            "rate": 2.010741877554621
        }
    },
    "root_group": {
        "name": "",
        "path": "",
        "id": "d41d8cd98f00b204e9800998ecf8427e",
        "groups": {},
        "checks": {
                "Unified search status is 200": {
                    "name": "Unified search status is 200",
                    "path": "::Unified search status is 200",
                    "id": "0ac50bb59342e0ea38ce0ffa12d536d2",
                    "passes": 10,
                    "fails": 0
                },
                "Unified search response time < 300ms": {
                    "path": "::Unified search response time < 300ms",
                    "id": "4070db048b56db088bd28cc77d081cd8",
                    "passes": 7,
                    "fails": 3,
                    "name": "Unified search response time < 300ms"
                },
                "Unified search has valid response structure": {
                    "name": "Unified search has valid response structure",
                    "path": "::Unified search has valid response structure",
                    "id": "0d97cbbd90ea607e1825d47a6a6990ca",
                    "passes": 10,
                    "fails": 0
                },
                "Unified search respects price filter": {
                    "name": "Unified search respects price filter",
                    "path": "::Unified search respects price filter",
                    "id": "0cadea0fbfae0656a93fd7e5a77101f5",
                    "passes": 10,
                    "fails": 0
                },
                "Admin search status is 200": {
                    "name": "Admin search status is 200",
                    "path": "::Admin search status is 200",
                    "id": "d2494ac163effe0df7ad6200cabfed1d",
                    "passes": 10,
                    "fails": 0
                },
                "Admin search response time < 300ms": {
                    "path": "::Admin search response time < 300ms",
                    "id": "4fcc2d6222df0870a1d7df3dc96b13c2",
                    "passes": 9,
                    "fails": 1,
                    "name": "Admin search response time < 300ms"
                },
                "Admin search has valid response": {
                    "name": "Admin search has valid response",
                    "path": "::Admin search has valid response",
                    "id": "c64a927c7e27b78f9ffe25bca65e0a5b",
                    "passes": 10,
                    "fails": 0
                },
                "User search status is 200": {
                    "fails": 0,
                    "name": "User search status is 200",
                    "path": "::User search status is 200",
                    "id": "97c37d747094a80cab4d48adf5660eb1",
                    "passes": 10
                },
                "User search response time < 300ms": {
                    "name": "User search response time < 300ms",
                    "path": "::User search response time < 300ms",
                    "id": "2bc803d1753f1064e38f38abd179fa35",
                    "passes": 10,
                    "fails": 0
                },
                "User search has valid response": {
                    "name": "User search has valid response",
                    "path": "::User search has valid response",
                    "id": "29c78278234f5417e7281fdc517154c7",
                    "passes": 10,
                    "fails": 0
                },
                "Complex filter search status is 200": {
                    "name": "Complex filter search status is 200",
                    "path": "::Complex filter search status is 200",
                    "id": "79267022ef0a89101a445d134d003002",
                    "passes": 10,
                    "fails": 0
                },
                "Complex filter search response time < 400ms": {
                    "name": "Complex filter search response time < 400ms",
                    "path": "::Complex filter search response time < 400ms",
                    "id": "37eb2a3aad9d68bbd67d94470e9c007d",
                    "passes": 9,
                    "fails": 1
                },
                "Complex filter search has results": {
                    "id": "88a4f4c68c1a080075d50199e3df0970",
                    "passes": 10,
                    "fails": 0,
                    "name": "Complex filter search has results",
                    "path": "::Complex filter search has results"
                },
                "Pagination search status is 200": {
                    "passes": 10,
                    "fails": 0,