{
    "metrics": {
        "data_sent": {
            "count": 16450,
            "rate": 500.82536983019855
        },
        "http_req_failed": {
            "passes": 16,
            "fails": 80,
            "thresholds": {
                "rate<0.01": true
            },
            "value": 0.16666666666666666
        },
        "vus": {
            "value": 1,
            "min": 1,
            "max": 1
        },
        "iterations": {
            "count": 16,
            "rate": 0.48712497977405333
        },
        "http_req_tls_handshaking": {
            "p(95)": 0,
            "avg": 0,
            "min": 0,
            "med": 0,
            "max": 0
        },
        "http_req_receiving": {
            "avg": 0.6365048125000001,
            "min": 0.107625,
            "med": 0.5318955000000001,
            "max": 3.194708,
            "p(95)": 1.2723542499999998
        },
        "http_req_blocked": {
            "med": 0.0099795,
            "max": 6.734083,
            "p(95)": 3.0765939999999987,
            "avg": 0.47772615624999976,
            "min": 0.0035
        },
        "vus_max": {
            "min": 1,
            "max": 1,
            "value": 1
        },
        "active_search_users": {
            "value": 1,
            "min": 1,
            "max": 1
        },
        "data_received": {
            "count": 528187,
            "rate": 16080.817605744869
        },
        "http_reqs": {
            "count": 96,
            "rate": 2.92274987864432
        },
        "iteration_duration": {
            "avg": 2052.4757328125,
            "min": 1130.457876,
            "med": 2011.9806055,
            "max": 2870.992335,
            "p(95)": 2853.4052414999996
        },
        "http_req_sending": {
            "avg": 0.0828784375,
            "min": 0.009583,
            "med": 0.0229165,
            "max": 1.165208,
            "p(95)": 0.3098849999999999
        },
        "http_req_waiting": {
            "min": 6.928916,
            "med": 21.1594375,
            "max": 167.108333,
            "p(95)": 49.93625999999999,
            "avg": 25.693717437500002
        },
        "search_error_rate": {
            "passes": 32,
            "fails": 0,
            "thresholds": {
                "rate<0.01": true
            },
            "value": 1
        },
        "search_request_count": {
            "count": 16,
            "rate": 0.48712497977405333
        },
        "http_req_duration": {
            "min": 7.082125,
            "med": 22.001562,
            "max": 168.318208,
            "p(95)": 51.36014624999999,
            "avg": 26.413100687500005,
            "thresholds": {
                "p(95)<500": false
            }
        },
        "http_req_duration{expected_response:true}": {
            "max": 168.318208,
            "p(95)": 53.61401104999994,
            "avg": 29.196996374999998,
            "min": 11.047292,
            "med": 23.2564585
        },
        "http_req_connecting": {
            "avg": 0.2731432291666666,
            "min": 0,
            "med": 0,
            "max": 4.08775,
            "p(95)": 1.6278652499999995
        },
        "search_response_time": {
            "p(95)": 274.24999999999994,
            "avg": 170.25,
            "min": 102,
            "med": 154,
            "max": 308
        },
        "checks": {
            "passes": 256,
            "fails": 48,
            "value": 0.8421052631578947
        }
    },
    "root_group": {
        "name": "",
        "path": "",
        "id": "d41d8cd98f00b204e9800998ecf8427e",
        "groups": {},
        "checks": {
                "Unified search status is 200": {
                    "passes": 16,
                    "fails": 0,
                    "name": "Unified search status is 200",
                    "path": "::Unified search status is 200",
                    "id": "0ac50bb59342e0ea38ce0ffa12d536d2"
                },
                "Unified search response time < 300ms": {
                    "name": "Unified search response time < 300ms",
                    "path": "::Unified search response time < 300ms",
                    "id": "4070db048b56db088bd28cc77d081cd8",
                    "passes": 16,
                    "fails": 0
                },
                "Unified search has valid response structure": {
                    "name": "Unified search has valid response structure",
                    "path": "::Unified search has valid response structure",
                    "id": "0d97cbbd90ea607e1825d47a6a6990ca",
                    "passes": 16,
                    "fails": 0
                },
                "Unified search respects price filter": {
                    "name": "Unified search respects price filter",
                    "path": "::Unified search respects price filter",
                    "id": "0cadea0fbfae0656a93fd7e5a77101f5",
                    "passes": 16,
                    "fails": 0
                },
                "Admin search status is 200": {
                    "path": "::Admin search status is 200",
                    "id": "d2494ac163effe0df7ad6200cabfed1d",
                    "passes": 16,
                    "fails": 0,
                    "name": "Admin search status is 200"
                },
                "Admin search response time < 300ms": {
                    "path": "::Admin search response time < 300ms",
                    "id": "4fcc2d6222df0870a1d7df3dc96b13c2",
                    "passes": 16,
                    "fails": 0,
                    "name": "Admin search response time < 300ms"
                },
                "Admin search has valid response": {
                    "fails": 0,
                    "name": "Admin search has valid response",
                    "path": "::Admin search has valid response",
                    "id": "c64a927c7e27b78f9ffe25bca65e0a5b",
                    "passes": 16
                },
                "User search status is 200 or 401": {
                    "name": "User search status is 200 or 401",
                    "path": "::User search status is 200 or 401",
                    "id": "078bf94fc3e4bae65f6520416f2e8365",
                    "passes": 0,
                    "fails": 16
                },
                "User search response time < 300ms": {
                    "passes": 16,
                    "fails": 0,
                    "name": "User search response time < 300ms",
                    "path": "::User search response time < 300ms",
                    "id": "2bc803d1753f1064e38f38abd179fa35"
                },
                "User search with auth has valid response": {
                    "fails": 16,
                    "name": "User search with auth has valid response",
                    "path": "::User search with auth has valid response",
                    "id": "526d82360da698ff78a6f5040e46a6f2",
                    "passes": 0
                },
                "Complex filter search status is 200": {
                    "name": "Complex filter search status is 200",
                    "path": "::Complex filter search status is 200",
                    "id": "79267022ef0a89101a445d134d003002",
                    "passes": 16,
                    "fails": 0
                },
                "Complex filter search response time < 400ms": {
                    "passes": 16,
                    "fails": 0,
                    "name": "Complex filter search response time < 400ms",
                    "path": "::Complex filter search response time < 400ms",
                    "id": "37eb2a3aad9d68bbd67d94470e9c007d"
                },
                "Complex filter search has results": {
                    "name": "Complex filter search has results",
                    "path": "::Complex filter search has results",
                    "id": "88a4f4c68c1a080075d50199e3df0970",
                    "passes": 16,