{
    "metrics": {
        "http_req_connecting": {
            "min": 0,
            "med": 0,
            "max": 26.512708,
            "p(95)": 1.8711910499999995,
            "avg": 0.6136884642857144
        },
        "http_req_failed": {
            "passes": 14,
            "fails": 70,
            "thresholds": {
                "rate<0.01": true
            },
            "value": 0.16666666666666666
        },
        "http_req_blocked": {
            "avg": 0.7697043452380954,
            "min": 0.004,
            "med": 0.010000499999999999,
            "max": 26.679167,
            "p(95)": 3.355242049999999
        },
        "http_req_receiving": {
            "min": 0.111666,
            "med": 0.451125,
            "max": 15.40125,
            "p(95)": 2.344562449999999,
            "avg": 0.8841959404761907
        },
        "active_search_users": {
            "value": 1,
            "min": 1,
            "max": 1
        },
        "checks": {
            "fails": 97,
            "passes": 169,
            "value": 0.6353383458646616
        },
        "search_response_time": {
            "p(95)": 461.39999999999964,
            "avg": 221.14285714285714,
            "min": 115,
            "med": 171,
            "max": 867
        },
        "data_received": {
            "count": 424179,
            "rate": 13138.179091585513
        },
        "iteration_duration": {
            "min": 1330.015375,
            "med": 2149.787751,
            "max": 3825.175836,
            "p(95)": 3343.8967142999995,
            "avg": 2305.305087357143
        },
        "vus_max": {
            "value": 1,
            "min": 1,
            "max": 1
        },
        "search_error_rate": {
            "passes": 70,
            "fails": 0,
            "thresholds": {
                "rate<0.01": true
            },
            "value": 1
        },
        "iterations": {
            "count": 14,
            "rate": 0.4336247369204915
        },
        "http_req_duration": {
            "avg": 34.67387855952382,
            "min": 4.34125,
            "med": 24.033521,
            "max": 464.143709,
            "p(95)": 81.70473749999998,
            "thresholds": {
                "p(95)<500": false
            }
        },
        "http_req_sending": {
            "avg": 0.16164980952380945,
            "min": 0.009916,
            "med": 0.026979,
            "max": 3.590709,
            "p(95)": 0.5057312999999993
        },
        "vus": {
            "value": 1,
            "min": 1,
            "max": 1
        },
        "http_req_duration{expected_response:true}": {
            "avg": 39.23922568571429,
            "min": 10.089125,
            "med": 28.510896000000002,
            "max": 464.143709,
            "p(95)": 83.1154519
        },
        "http_reqs": {
            "count": 84,
            "rate": 2.601748421522949
        },
        "http_req_waiting": {
            "min": 3.434584,
            "med": 22.971187999999998,
            "max": 461.928376,
            "p(95)": 77.5102313,
            "avg": 33.628032809523795
        },
        "search_request_count": {
            "count": 14,
            "rate": 0.4336247369204915
        },
        "data_sent": {
            "count": 14253,
            "rate": 441.4609553805547
        },
        "http_req_tls_handshaking": {
            "avg": 0,
            "min": 0,
            "med": 0,
            "max": 0,
            "p(95)": 0
        }
    },
    "root_group": {
        "path": "",
        "id": "d41d8cd98f00b204e9800998ecf8427e",
        "groups": {},
        "checks": {
                "Unified search status is 200": {
                    "passes": 14,
                    "fails": 0,
                    "name": "Unified search status is 200",
                    "path": "::Unified search status is 200",
                    "id": "0ac50bb59342e0ea38ce0ffa12d536d2"
                },
                "Unified search response time < 300ms": {
                    "name": "Unified search response time < 300ms",
                    "path": "::Unified search response time < 300ms",
                    "id": "4070db048b56db088bd28cc77d081cd8",
                    "passes": 13,
                    "fails": 1
                },
                "Unified search has valid response structure": {
                    "name": "Unified search has valid response structure",
                    "path": "::Unified search has valid response structure",
                    "id": "0d97cbbd90ea607e1825d47a6a6990ca",
                    "passes": 0,
                    "fails": 14
                },
                "Unified search respects price filter": {
                    "fails": 12,
                    "name": "Unified search respects price filter",
                    "path": "::Unified search respects price filter",
                    "id": "0cadea0fbfae0656a93fd7e5a77101f5",
                    "passes": 2
                },
                "Admin search status is 200": {
                    "name": "Admin search status is 200",
                    "path": "::Admin search status is 200",
                    "id": "d2494ac163effe0df7ad6200cabfed1d",
                    "passes": 14,
                    "fails": 0
                },
                "Admin search response time < 300ms": {
                    "fails": 0,
                    "name": "Admin search response time < 300ms",
                    "path": "::Admin search response time < 300ms",
                    "id": "4fcc2d6222df0870a1d7df3dc96b13c2",
                    "passes": 14
                },
                "Admin search has valid response": {
                    "name": "Admin search has valid response",
                    "path": "::Admin search has valid response",
                    "id": "c64a927c7e27b78f9ffe25bca65e0a5b",
                    "passes": 0,
                    "fails": 14
                },
                "User search status is 200 or 401": {
                    "id": "078bf94fc3e4bae65f6520416f2e8365",
                    "passes": 0,
                    "fails": 14,
                    "name": "User search status is 200 or 401",
                    "path": "::User search status is 200 or 401"
                },
                "User search response time < 300ms": {
                    "id": "2bc803d1753f1064e38f38abd179fa35",
                    "passes": 14,
                    "fails": 0,
                    "name": "User search response time < 300ms",
                    "path": "::User search response time < 300ms"
                },
                "User search with auth has valid response": {
                    "name": "User search with auth has valid response",
                    "path": "::User search with auth has valid response",
                    "id": "526d82360da698ff78a6f5040e46a6f2",
                    "passes": 0,
                    "fails": 14
                },
                "Complex filter search status is 200": {
                    "name": "Complex filter search status is 200",
                    "path": "::Complex filter search status is 200",
                    "id": "79267022ef0a89101a445d134d003002",
                    "passes": 14,
                    "fails": 0
                },
                "Complex filter search response time < 400ms": {
                    "name": "Complex filter search response time < 400ms",
                    "path": "::Complex filter search response time < 400ms",
                    "id": "37eb2a3aad9d68bbd67d94470e9c007d",
                    "passes": 14,
                    "fails": 0
                },
                "Complex filter search has results": {
                    "name": "Complex filter search has results",
                    "path": "::Complex filter search has results",
                    "id": "88a4f4c68c1a080075d50199e3df0970",
                    "passes": 14,