{
    "metrics": {
        "vus_max": {
            "value": 1,
            "min": 1,
            "max": 1
        },
        "http_req_duration{expected_response:true}": {
            "avg": 223.5643768636363,
            "min": 18.8285,
            "med": 113.147458,
            "max": 872.516167,
            "p(90)": 463.4444747,
            "p(95)": 797.8158113499996
        },
        "http_req_tls_handshaking": {
            "min": 0,
            "med": 0,
            "max": 0,
            "p(90)": 0,
            "p(95)": 0,
            "avg": 0
        },
        "data_sent": {
            "count": 4664,
            "rate": 76.85398498143316
        },
        "http_req_duration": {
            "avg": 34.853058828124986,
            "min": 0,
            "med": 0,
            "max": 872.516167,
            "p(90)": 83.21846610000003,
            "p(95)": 166.22302849999997,
            "thresholds": {
                "p(95)<200": false
            }
        },
        "http_req_failed": {
            "passes": 170,
            "fails": 22,
            "thresholds": {
                "rate<0.01": true
            },
            "value": 0.8854166666666666
        },
        "http_req_sending": {
            "med": 0,
            "max": 8.055875,
            "p(90)": 0.1939956000000001,
            "p(95)": 0.4038791999999994,
            "avg": 0.13719055729166665,
            "min": 0
        },
        "data_received": {
            "count": 35222,
            "rate": 580.3925941286532
        },
        "iteration_duration": {
            "max": 2593.349335,
            "p(90)": 1706.6932803,
            "p(95)": 1926.1331193999997,
            "avg": 1261.4507810208333,
            "min": 1009.846375,
            "med": 1085.1686255
        },
        "http_reqs": {
            "count": 192,
            "rate": 3.163800410899478
        },
        "checks": {
            "passes": 144,
            "fails": 240,
            "value": 0.375
        },
        "iterations": {
            "count": 48,
            "rate": 0.7909501027248695
        },
        "http_req_blocked": {
            "med": 0,
            "max": 26.114042,
            "p(90)": 0.08505830000000011,
            "p(95)": 2.3295770499999993,
            "avg": 0.6105915781249998,
            "min": 0
        },
        "http_req_receiving": {
            "avg": 0.8627486927083333,
            "min": 0,
            "med": 0,
            "max": 31.51875,
            "p(90)": 2.4577917000000027,
            "p(95)": 4.893339399999993
        },
        "vus": {
            "value": 1,
            "min": 1,
            "max": 1
        },
        "http_req_connecting": {
            "avg": 0.3324752604166667,
            "min": 0,
            "med": 0,
            "max": 18.94425,
            "p(90)": 0,
            "p(95)": 1.3697669999999982
        },
        "http_req_waiting": {
            "avg": 33.85311957812499,
            "min": 0,
            "med": 0,
            "max": 836.672833,
            "p(90)": 81.64543690000005,
            "p(95)": 162.21763285
        }
    },
    "root_group": {
        "name": "",
        "path": "",
        "id": "d41d8cd98f00b204e9800998ecf8427e",
        "groups": {},
        "checks": {
                "Health check status is 200": {
                    "name": "Health check status is 200",
                    "path": "::Health check status is 200",
                    "id": "3e30010932b84a4a277cfcbc29317ed1",
                    "passes": 11,
                    "fails": 37
                },
                "Health check response time < 200ms": {
                    "id": "fa3bb396dd7963fa4e20d2a3bd43fe90",
                    "passes": 43,
                    "fails": 5,
                    "name": "Health check response time < 200ms",
                    "path": "::Health check response time < 200ms"
                },
                "Health status is UP": {
                    "name": "Health status is UP",
                    "path": "::Health status is UP",
                    "id": "6304b985df705757eab86d17329841e1",
                    "passes": 11,
                    "fails": 37
                },
                "API health endpoint responds": {
                    "name": "API health endpoint responds",
                    "path": "::API health endpoint responds",
                    "id": "6167fdf6bf52ebcaab5709ac68956b62",
                    "passes": 0,
                    "fails": 48
                },
                "AI model search endpoint responds": {
                    "path": "::AI model search endpoint responds",
                    "id": "bfd356aad0c378b89b1c353e5a89f5a3",
                    "passes": 11,
                    "fails": 37,
                    "name": "AI model search endpoint responds"
                },
                "AI model search response time < 300ms": {
                    "path": "::AI model search response time < 300ms",
                    "id": "250b8550a2554c696b4cdeb666516b05",
                    "passes": 46,
                    "fails": 2,
                    "name": "AI model search response time < 300ms"
                },
                "AI model search returns JSON": {
                    "path": "::AI model search returns JSON",
                    "id": "7f535c33afda9851511e721f841bb6fd",
                    "passes": 11,
                    "fails": 37,
                    "name": "AI model search returns JSON"
                },
                "Root endpoint responds": {
                    "passes": 11,
                    "fails": 37,
                    "name": "Root endpoint responds",
                    "path": "::Root endpoint responds",
                    "id": "f594fea69cde52c33698b320f2d509aa"
                }
            }
    }
}