{
    "metrics": {
        "vus": {
            "max": 1,
            "value": 1,
            "min": 1
        },
        "http_req_blocked": {
            "p(90)": 4.0193163,
            "p(95)": 11.187962499999992,
            "avg": 2.062608638297872,
            "min": 0.004334,
            "med": 0.026520500000000002,
            "max": 52.60275
        },
        "http_req_connecting": {
            "max": 41.082833,
            "p(90)": 2.8976624,
            "p(95)": 6.628147699999977,
            "avg": 1.4106336595744677,
            "min": 0,
            "med": 0
        },
        "iterations": {
            "count": 47,
            "rate": 0.7727499311258755
        },
        "checks": {
            "passes": 321,
            "fails": 55,
            "value": 0.8537234042553191
        },
        "http_req_receiving": {
            "avg": 2.450400925531915,
            "min": 0.046417,
            "med": 1.0029375,
            "max": 63.434459,
            "p(90)": 4.647896300000003,
            "p(95)": 7.496751649999998
        },
        "data_received": {
            "count": 150485,
            "rate": 2474.197306073987
        },
        "http_req_failed": {
            "fails": 94,
            "passes": 94,
            "thresholds": {
                "rate<0.01": true
            },
            "value": 0.5
        },
        "http_req_tls_handshaking": {
            "avg": 0,
            "min": 0,
            "med": 0,
            "max": 0,
            "p(90)": 0,
            "p(95)": 0
        },
        "iteration_duration": {
            "p(95)": 1927.4659049999998,
            "avg": 1293.4912399361704,
            "min": 1050.801417,
            "med": 1131.526459,
            "max": 4479.665294,
            "p(90)": 1560.7611174000003
        },
        "data_sent": {
            "rate": 327.6459707973712,
            "count": 19928
        },
        "http_req_duration": {
            "med": 24.222771,
            "max": 1578.290126,
            "p(90)": 106.7353421,
            "p(95)": 225.21942784999976,
            "avg": 66.67928880851065,
            "min": 0.94325,
            "thresholds": {
                "p(95)<200": true
            }
        },
        "http_req_duration{expected_response:true}": {
            "max": 1578.290126,
            "p(90)": 199.12625450000004,
            "p(95)": 406.2789181999992,
            "avg": 115.49825489361703,
            "min": 12.460125,
            "med": 45.9120625
        },
        "http_req_sending": {
            "avg": 0.4359957925531919,
            "min": 0.009708,
            "med": 0.065125,
            "max": 18.02325,
            "p(90)": 0.6902715,
            "p(95)": 1.3978977999999975
        },
        "http_req_waiting": {
            "avg": 63.79289209042554,
            "min": 0.878292,
            "med": 22.236104,
            "max": 1513.654584,
            "p(90)": 101.76376640000001,
            "p(95)": 202.248842
        },
        "vus_max": {
            "value": 1,
            "min": 1,
            "max": 1
        },
        "http_reqs": {
            "count": 188,
            "rate": 3.090999724503502
        }
    },
    "root_group": {
        "name": "",
        "path": "",
        "id": "d41d8cd98f00b204e9800998ecf8427e",
        "groups": {},
        "checks": {
                "Health check status is 200": {
                    "id": "3e30010932b84a4a277cfcbc29317ed1",
                    "passes": 47,
                    "fails": 0,
                    "name": "Health check status is 200",
                    "path": "::Health check status is 200"
                },
                "Health check response time < 200ms": {
                    "path": "::Health check response time < 200ms",
                    "id": "fa3bb396dd7963fa4e20d2a3bd43fe90",
                    "passes": 43,
                    "fails": 4,
                    "name": "Health check response time < 200ms"
                },
                "Health status is UP": {
                    "name": "Health status is UP",
                    "path": "::Health status is UP",
                    "id": "6304b985df705757eab86d17329841e1",
                    "passes": 47,
                    "fails": 0
                },
                "API health endpoint responds": {
                    "fails": 47,
                    "name": "API health endpoint responds",
                    "path": "::API health endpoint responds",
                    "id": "6167fdf6bf52ebcaab5709ac68956b62",
                    "passes": 0
                },
                "AI model search endpoint responds": {
                    "fails": 0,
                    "name": "AI model search endpoint responds",
                    "path": "::AI model search endpoint responds",
                    "id": "bfd356aad0c378b89b1c353e5a89f5a3",
                    "passes": 47
                },
                "AI model search response time < 300ms": {
                    "name": "AI model search response time < 300ms",
                    "path": "::AI model search response time < 300ms",
                    "id": "250b8550a2554c696b4cdeb666516b05",
                    "passes": 43,
                    "fails": 4
                },
                "AI model search returns JSON": {
                    "name": "AI model search returns JSON",
                    "path": "::AI model search returns JSON",
                    "id": "7f535c33afda9851511e721f841bb6fd",
                    "passes": 47,
                    "fails": 0
                },
                "Root endpoint responds": {
                    "name": "Root endpoint responds",
                    "path": "::Root endpoint responds",
                    "id": "f594fea69cde52c33698b320f2d509aa",
                    "passes": 47,
                    "fails": 0
                }
            }
    }
}